연번,종목,명칭,명칭(한자),소재지,지정일,분류,수량/면적
1,국보제101호,원주 법천사지 지광국사탑,原州 法泉寺址 智光國師塔,대전광역시 유성구,1962-12-20,유적건조물/종교신앙/불교/탑,1기
2,보물제209호,대전 회덕 동춘당,大田 懷德 同春堂,대전광역시 대덕구,1963-01-21,유적건조물/주거생활/주거건축/가옥,1동
3,보물제873호,정선 필 육상묘도,鄭敾 筆 毓祥廟圖,대전광역시 서구,1986-10-15,유물/일반회화/산수화/산수화,1축
4,보물제1165호,"예념미타도량참법 권3~4, 7~8","禮念彌陀道場懺法 卷三~四, 七~八",대전광역시 대덕구,1993-06-15,기록유산/전적류/목판본/왕실본,4권 2책
5,보물제1215-4호,이색 초상 - 대전영당본,李穡 肖像 - 大田影堂本,대전광역시 유성구,1995-12-11,유물/일반회화/인물화/초상화,1폭
6,보물제1477-2호,채제공 초상 일괄 - 금관조복본,蔡濟恭 肖像 一括 - 金冠朝服本,대전광역시 동구,2006-12-29,유물/일반회화/인물화/초상화,"초상1점, 함1점"
7,보물제1477-3호,채제공 초상 일괄 - 흑단령포본,蔡濟恭 肖像 一括 - 黑團領袍本,대전광역시 동구,2006-12-29,유물/일반회화/인물화/초상화,1점
8,보물제1482호,이시방 초상,李時昉 肖像,대전광역시 유성구,2006-12-29,유물/일반회화/인물화/초상화,"초상1점, 함1점"
9,보물제1519호,묘법연화경삼매참법 권상,妙法蓮華經三昧懺法 卷上,대전광역시 유성구,2007-07-13,기록유산/전적류/목판본/사찰본,1첩
10,보물제1623호,성수침 필적,成守琛 筆蹟,대전광역시 유성구,2010-01-04,기록유산/서간류/서예/서예,1첩
11,보물제1652호,통영 측우대,統營 測雨臺,대전광역시 유성구,2010-04-23,유물/과학기술/계측교역기술용구/도량형,1기
12,보물제1672-2호,송준길 행초 서증손병하,宋浚吉 行草 書贈孫炳夏,대전광역시 유성구,2010-10-25,기록유산/서간류/서예/서예,1축
13,보물제1829호,대전 비래사 목조비로자나불좌상,大田 飛來寺 木造毘盧遮那佛坐像,대전광역시 대덕구,2014-07-02,유물/불교조각/목조/불상,1구
14,사적제355호,대전 계족산성,大田 鷄足山城,대전광역시 대덕구,1991-10-25,유적건조물/정치국방/성/성곽,"82,032㎡"
15,천연기념물제545호,대전 괴곡동 느티나무,大田 槐谷洞 느티나무,대전광역시 서구,2013-07-17,자연유산/천연기념물/문화역사기념물/민속,"문화재구역(389㎡), 보호구역(4,687㎡)"
16,국가민속문화재제289호,대전 동춘당 종택,大田 同春堂 宗宅,대전광역시 대덕구,2016-08-26,유적건조물/주거생활/주거건축/가옥,"건물 4동(477.9㎡), 토지 7,676㎡(2필지)"
17,국가민속문화재제290호,대전 소대헌·호연재 고택,大田 小大軒·浩然齋 古宅,대전광역시 대덕구,2016-08-26,유적건조물/주거생활/주거건축/가옥,"건물 4동(460.4㎡), 토지 2,813㎡(2필지)"
18,대전광역시 유형문화재제1호,송자대전판,宋子大全板,대전광역시 동구,1989-03-18,기록유산/전적류/목판본/사간본,11023판
19,대전광역시 유형문화재제2호,회덕쌍청당,懷德雙淸堂,대전광역시 대덕구,1989-03-18,유적건조물/주거생활/주거건축/가옥,1동
20,대전광역시 유형문화재제4호,남간정사,南澗精舍,대전광역시 동구,1989-03-18,유적건조물/주거생활/주거건축/가옥,1동
21,대전광역시 유형문화재제5호,석조보살입상,石造菩薩立像,대전광역시 유성구,1989-03-18,유물/불교조각/석조/보살상,1구
22,대전광역시 유형문화재제6호,유회당(부)기궁재,有懷堂(附)奇窮齋,대전광역시 중구,1989-03-18,유적건조물/주거생활/주거건축/가옥,2동
23,대전광역시 유형문화재제7호,옥류각,玉溜閣,대전광역시 대덕구,1989-03-18,유적건조물/주거생활/조경건축/누정,1동
24,대전광역시 유형문화재제8호,송애당,松崖堂,대전광역시 대덕구,1989-03-18,유적건조물/주거생활/조경건축/누정,1동
25,대전광역시 유형문화재제9호,제월당및옥오재,霽月堂및玉吾齋,대전광역시 대덕구,1989-03-18,유적건조물/주거생활/주거건축/가옥,일곽
26,대전광역시 유형문화재제10호,고산사대웅전,高山寺大雄殿,대전광역시 동구,1989-03-18,유적건조물/종교신앙/불교/불전,1동
27,대전광역시 유형문화재제11호,초려이유태유고,草廬李惟泰遺稿,대전광역시 유성구,1989-03-18,기록유산/문서류/민간문서/분재기류,1책
28,대전광역시 유형문화재제12호,권준의 준호구,權의 准戶口,대전광역시 유성구,1989-03-18,기록유산/문서류/관부문서/호적류,1매
29,대전광역시 유형문화재제13호,운부군옥,韻府群玉,대전광역시 유성구,1989-03-18,기록유산/전적류/목판본/사간본,10책
30,대전광역시 유형문화재제14호,윤돈등의동복화회입의,尹暾等의同腹和會立議,대전광역시 유성구,1989-03-18,기록유산/문서류/관부문서/증빙류,1매
31,대전광역시 유형문화재제15호,조천신장,,대전광역시 유성구,1989-03-18,기록유산/전적류/필사본/고본,1책
32,대전광역시 유형문화재제16호,농암진적,農巖眞蹟,대전광역시 유성구,1989-03-18,기록유산/전적류/필사본/고본,4책
33,대전광역시 유형문화재제17호,만회집탄옹문집판목,晩悔集炭翁文集板木,대전광역시 서구,1989-12-13,기록유산/서각류/목판각류/판목류,610판
34,대전광역시 유형문화재제18호,여경암(부)거업재산신당,餘慶菴(附)居業齋山神堂,대전광역시 중구,1989-12-13,유적건조물/종교신앙/제사유적/산신당,3동
35,대전광역시 유형문화재제19호,보문산마애여래좌상,寶文山磨崖如來坐像,대전광역시 중구,1990-05-28,유물/불교조각/석조/불상,1구
36,대전광역시 유형문화재제20호,유회당판각,有懷堂板刻,대전광역시 중구,1991-07-10,기록유산/서각류/목판각류/판목류,246판
37,대전광역시 유형문화재제21호,상제집략판목,喪祭輯略版木,대전광역시 유성구,1992-07-22,기록유산/서각류/목판각류/판목류,66판
38,대전광역시 유형문화재제22호,용천련고판목,龍川聯稿版木,대전광역시 유성구,1992-07-22,기록유산/서각류/목판각류/판목류,45판
39,대전광역시 유형문화재제23호,금암집판목,琴巖輯版木,대전광역시 유성구,1992-07-22,기록유산/서각류/목판각류/판목류,33판
40,대전광역시 유형문화재제24호,은진송씨정려각,恩津宋氏旌閭閣,대전광역시 대덕구,1993-06-21,유적건조물/인물사건/인물기념/사우,1동
41,대전광역시 유형문화재제25호,고흥류씨정려각및비,高興柳氏旌閭閣및碑,대전광역시 대덕구,1996-03-27,유적건조물/인물사건/인물기념/사우,1동1기
42,대전광역시 유형문화재제26호,용화사석불입상,龍華寺石佛立像,대전광역시 대덕구,1997-01-09,유물/불교조각/석조/불상,1구
43,대전광역시 유형문화재제27호,설교시첩,雪詩帖,대전광역시 유성구,1997-01-09,기록유산/전적류/필사본/고본,1책
44,대전광역시 유형문화재제28호,수운교도솔천,水雲敎兜率天,대전광역시 유성구,1999-05-26,유적건조물/종교신앙/민족종교,1동
45,대전광역시 유형문화재제29호,안동권씨유회당종가일원,安東權氏有懷堂宗家一圓,대전광역시 중구,2001-06-27,유적건조물/주거생활/주거건축/가옥,5동
46,대전광역시 유형문화재제31호,심광사목조석가모니불좌상,心侊寺木造釋迦牟尼佛坐像,대전광역시 동구,2001-06-27,유물/불교조각/목조/불상,1구
47,대전광역시 유형문화재제32호,고산사목조석가모니불좌상,,대전광역시 동구,2005-05-09,유물/불교조각/목조/불상,1
48,대전광역시 유형문화재제33호,고산사아미타불화,,대전광역시 동구,2005-05-09,유물/불교회화/탱화/불도,1
49,대전광역시 유형문화재제34호,당송팔자백선,唐宋八字百選,대전광역시 유성구,2009-01-28,기록유산/전적류/목판본,5권 2책
50,대전광역시 유형문화재제35호,배자예부운략,排字禮部韻略,대전광역시 유성구,2009-01-28,기록유산/전적류/활자본,5권 2책
51,대전광역시 유형문화재제36호,선문염송,禪門拈頌,대전광역시 유성구,2009-01-28,기록유산/전적류/목판본,2권 1책
52,대전광역시 유형문화재제37호,육경합부,六經合部,대전광역시 유성구,2009-01-28,기록유산/전적류/목판본,1책
53,대전광역시 유형문화재제38호,이시방 초상 일괄,李時昉 肖像 一括,대전광역시 유성구,2009-01-28,유물/일반회화/인물화/초상화,7점
54,대전광역시 유형문화재제39호,석각천문도,石刻天文圖,대전광역시 유성구,2009-12-23,유물/과학기술/천문지리기구/천문,1기
55,대전광역시 유형문화재제40호,백자청화모란문호,白磁靑畵牧丹文壺,대전광역시 유성구,2009-12-23,유물,1점
56,대전광역시 유형문화재제41호,백자호,白磁壺,대전광역시 유성구,2009-12-23,유물/생활공예/토도자공예/백자,1점
57,대전광역시 유형문화재제42호,백자유개호,白磁有蓋壺,대전광역시 유성구,2009-12-23,유물/생활공예/토도자공예/백자,1점
58,대전광역시 유형문화재제43호,조중회전별시첩,趙重晦 餞別詩帖,대전광역시 유성구,2009-12-23,기록유산/전적류/필사본/기타류,1점
59,대전광역시 유형문화재제44호,무수동도,無愁洞圖,대전광역시 중구,2010-04-12,유물/일반회화/산수화/산수화,1건 7점
60,대전광역시 유형문화재제45호,안동김씨성보,安東金氏姓譜,대전광역시 중구,2012-01-09,기록유산/문서류/문서류/문서류,1건1점
61,대전광역시 유형문화재제46호,충주박씨내외자손보,忠州朴氏內外子孫譜,대전광역시 중구,2012-01-09,기록유산/문서류,1건1점
62,대전광역시 유형문화재제47호,도산족계좌목,道山族座目,대전광역시 중구,2012-01-09,기록유산/문서류,1건1점
63,대전광역시 유형문화재제48호,동사수창록,東酬唱錄,대전광역시 유성구,2012-06-22,기록유산/전적류/필사본/기타류,1점
64,대전광역시 유형문화재제49호,제월당 송규렴 간독첩,霽月堂 宋奎濂 簡牘帖,대전광역시 유성구,2012-06-22,기록유산/전적류/필사본/기타류,3점
65,대전광역시 유형문화재제50호,선세기몽첩,先世記夢帖,대전광역시 유성구,2012-06-22,기록유산/전적류/필사본/기타류,1점
66,대전광역시 유형문화재제51호,복전선원 목조대세지보살좌상,福田禪院 木造大勢至菩薩坐像,대전광역시 중구,2013-02-22,유물/불교조각/목조/보살상,1
67,대전광역시 유형문화재제52호,봉국사 아미타불회도,奉國寺 阿彌陀佛繪圖,대전광역시 유성구,2013-02-22,유물/불교회화/탱화/불도,1
68,대전광역시 유형문화재제53호,보현사 목조여래좌상,普賢寺 木造如來坐像,대전광역시 동구,2014-05-02,유물/불교조각/목조/불상,1
69,대전광역시 유형문화재제54호,아계 이산해 기성록 초고본,鵝溪 李山海 箕城錄 草稿本,대전광역시 중구,2017-06-19,기록유산/전적류/필사본/기타류,1
70,대전광역시 유형문화재제55호,고성남씨족보,固城南氏族譜,대전광역시 중구,2017-06-19,기록유산/전적류/전적류/전적류,1
71,대전광역시 유형문화재제56호,청자 철화 장수황씨 병형 묘지,,대전광역시 유성구,2017-12-27,유물/생활공예/토도자공예/청자,1점
72,대전광역시 유형문화재제57호,동치 2년명 신중도,,대전광역시 유성구,2017-12-27,유물/불교회화/탱화/불도,1본
73,대전광역시 유형문화재제58호,문정공 김상헌 진적,文正公 金尙憲 眞蹟,대전광역시 대덕구,2018-05-14,기록유산/전적류/필사본/기타류,3책
74,대전광역시 유형문화재제59호,온재 김진옥 필 종계시첩,齋 金鎭玉 筆 宗詩帖,대전광역시 유성구,2018-12-04,기록유산/전적류/필사본/기타류,1책
75,대전광역시 무형문화재제1호,웃다리농악,웃다리農樂,대전광역시 ,1989-03-18,무형문화재,
76,대전광역시 무형문화재제2호,대전의앉은굿,大田의앉은굿,대전광역시 ,1994-06-07,무형문화재,
77,대전광역시 무형문화재제4호,유천동산신제,柳川洞山神祭,대전광역시 중구,1997-01-09,무형문화재,
78,대전광역시 무형문화재제5호,장동산디마을탑제,長洞산디마을塔祭,대전광역시 대덕구,1998-07-21,무형문화재,
79,대전광역시 무형문화재제6호,불상조각장,佛像彫刻匠,대전광역시 유성구,1999-05-26,무형문화재,
80,대전광역시 무형문화재제7호,소목장,小木匠,대전광역시 중구,1999-05-26,무형문화재,
81,대전광역시 무형문화재제8호,매사냥,매사냥,대전광역시 중구,2000-02-18,무형문화재,
82,대전광역시 무형문화재제9호,송순주,松筍酒,대전광역시 대덕구,2000-02-18,무형문화재,
83,대전광역시 무형문화재제9-2호,국화주,菊花酒,대전광역시 대덕구,2016-02-12,무형문화재,
84,대전광역시 무형문화재제10호,연안이씨가각색편,延安李氏家各色餠,대전광역시 중구,2000-10-18,무형문화재,
85,대전광역시 무형문화재제11호,단청장,丹靑匠,대전광역시 ,2000-10-18,무형문화재,
86,대전광역시 무형문화재제12호,악기장(북메우기),樂器匠(북메우기),대전광역시 유성구,2002-12-30,무형문화재,
87,대전광역시 무형문화재제13호,들말두레소리,들말두레소리,대전광역시 대덕구,2002-12-30,무형문화재,
88,대전광역시 무형문화재제14호,가곡(여창가곡),歌曲(女唱歌曲),대전광역시 중구,2002-12-30,무형문화재,
89,대전광역시 무형문화재제15호,승무,僧舞,대전광역시 동구,2004-04-30,무형문화재,
90,대전광역시 무형문화재제16호,초고장(양중규),草藁匠(梁仲奎),대전광역시 동구,2007-03-23,무형문화재,
91,대전광역시 무형문화재제17호,판소리고법(박근영),판소리鼓法(朴根永),대전광역시 중구,2008-04-11,무형문화재,
92,대전광역시 무형문화재제18호,악기장(가야금/표태선),樂器匠(伽倻琴/表泰先),대전광역시 중구,2008-05-30,무형문화재,
93,대전광역시 무형문화재제19호,무수동산신제,無愁洞山神祭,대전광역시 중구,2011-10-28,무형문화재,
94,대전광역시 무형문화재제20호,살풀이춤,,대전광역시 중구,2012-05-18,무형문화재,
95,대전광역시 무형문화재제21호,입춤,,대전광역시 중구,2012-05-18,무형문화재,
96,대전광역시 무형문화재제22호,판소리 춘향가,,대전광역시 중구,2013-03-15,무형문화재,
97,대전광역시 무형문화재제23호,대전향제줄풍류,大田鄕制줄風流,대전광역시 중구,2016-02-12,무형문화재/전통 공연·예술/음악,
98,대전광역시 무형문화재제24호,목기장,木器匠,대전광역시 대덕구,2017-12-26,무형문화재/전통기술/공예,
99,대전광역시 기념물제1호,박팽년선생유허,朴彭年先生遺墟,대전광역시 동구,1989-03-18,유적건조물/인물사건/인물기념/순절지,"1,720㎡"
100,대전광역시 기념물제3호,내동리지석묘,內洞里支石墓,대전광역시 유성구,1989-03-18,유적건조물/무덤/무덤/지석묘,4기
101,대전광역시 기념물제4호,보문사지,普文寺址,대전광역시 중구,1989-03-18,유적건조물/종교신앙/불교/사찰,"4,100㎡"
102,대전광역시 기념물제5호,김익희의묘,金益熙의墓,대전광역시 유성구,1989-03-18,유적건조물/무덤/무덤/봉토묘,"30,000㎡"
103,대전광역시 기념물제6호,구성동산성,九城洞山城,대전광역시 유성구,1989-03-18,유적건조물/정치국방/성/성곽,"13,304.7㎡"
104,대전광역시 기념물제7호,월평동산성,月坪洞山城,대전광역시 서구,1989-03-18,유적건조물/정치국방/성/성곽,"27,838㎡"
105,대전광역시 기념물제8호,질현성,迭峴城,대전광역시 대덕구,1989-03-18,유적건조물/정치국방/성/성곽,"11,107㎡"
106,대전광역시 기념물제9호,우술성,雨述城,대전광역시 대덕구,1989-03-18,유적건조물/정치국방/성/성곽,"15,074㎡"
107,대전광역시 기념물제10호,보문산성,寶文山城,대전광역시 중구,1989-03-18,유적건조물/정치국방/성/성곽,"7,180㎡"
108,대전광역시 기념물제11호,능성,陵城,대전광역시 동구,1990-05-28,유적건조물/정치국방/성/성곽,"7,165㎡"
109,대전광역시 기념물제12호,갈현성,葛峴城,대전광역시 동구,1990-05-28,유적건조물/정치국방/성/성곽,"9,752㎡"
110,대전광역시 기념물제13호,적오산성,赤鰲山城,대전광역시 유성구,1990-05-28,유적건조물/정치국방/성/성곽,"44,624㎡"
111,대전광역시 기념물제14호,사정성,沙井城,대전광역시 중구,1990-05-28,유적건조물/정치국방/성/성곽,"6,000㎡"
112,대전광역시 기념물제15호,흑석동산성,黑石洞山城,대전광역시 서구,1990-05-28,유적건조물/정치국방/성/성곽,"23,210㎡"
113,대전광역시 기념물제16호,안산동산성,案山洞山城,대전광역시 유성구,1990-05-28,유적건조물/정치국방/성/성곽,"50,900㎡"
114,대전광역시 기념물제17호,삼정동산성,三丁洞山城,대전광역시 동구,1990-05-28,유적건조물/정치국방/성/성곽,"3,180㎡"
115,대전광역시 기념물제18호,성북동산성,城北洞山城,대전광역시 유성구,1990-05-28,유적건조물/정치국방/성/성곽,"28,660㎡"
116,대전광역시 기념물제19호,노고산성,老姑山城,대전광역시 동구,1991-07-10,유적건조물/정치국방/성/성곽,"17,554㎡"
117,대전광역시 기념물제20호,견두산성,犬頭山城,대전광역시 동구,1991-07-10,유적건조물/정치국방/성/성곽,"185,058㎡"
118,대전광역시 기념물제21호,고봉산성,古鳳山城,대전광역시 동구,1991-07-10,유적건조물/정치국방/성/성곽,"151,604㎡"
119,대전광역시 기념물제22호,백골산성,白骨山城,대전광역시 동구,1991-07-10,유적건조물/정치국방/성/성곽,"4,343㎡"
120,대전광역시 기념물제23호,소문산성,蘇文山城,대전광역시 유성구,1991-07-10,유적건조물/정치국방/성/성곽,"46,513㎡"
121,대전광역시 기념물제24호,계현산성,鷄峴山城,대전광역시 동구,1991-07-10,유적건조물/정치국방/성/성곽,"60,793㎡"
122,대전광역시 기념물제25호,비파산성,琵琶山城,대전광역시 동구,1991-07-10,유적건조물/정치국방/성/성곽,"1,686㎡"
123,대전광역시 기념물제26호,단재신채호선생생가지,丹齋申采浩先生生家址,대전광역시 중구,1991-07-10,유적건조물/인물사건/인물기념/탄생지,661㎡
124,대전광역시 기념물제27호,숭현서원지,崇賢書院址,대전광역시 유성구,1992-07-22,유적건조물/교육문화/교육기관/서원,"7,000㎡(비1기)"
125,대전광역시 기념물제28호,둔산선사유적지,屯山先史遺蹟地,대전광역시 서구,1992-10-28,유적건조물/유물산포지유적산포지/유적분포지/유적분포지,"18,750㎡"
126,대전광역시 기념물제29호,성치산성,城峙山城,대전광역시 동구,1993-06-21,유적건조물/정치국방/성/성곽,"1,091㎡"
127,대전광역시 기념물제30호,마산동산성,馬山洞山城,대전광역시 동구,1993-06-21,유적건조물/정치국방/성/성곽,"2,281㎡"
128,대전광역시 기념물제31호,이현동산성,梨峴洞山城,대전광역시 대덕구,1993-06-21,유적건조물/정치국방/성/성곽,"7,500㎡"
129,대전광역시 기념물제32호,신선봉유적,神仙峰遺蹟,대전광역시 동구,1995-02-27,유적건조물/인물사건/역사사건/역사사건,900㎡
130,대전광역시 기념물제33호,비래동고인돌,飛來洞고인돌,대전광역시 대덕구,1997-11-07,유적건조물/무덤/무덤/지석묘,2기
131,대전광역시 기념물제34호,구완동청자가마터,舊完洞靑磁가마터,대전광역시 중구,1997-11-07,유적건조물/산업생산/요업/도자기가마,"청자(2기),도2,650㎡"
132,대전광역시 기념물제35호,구완동상감청자가마터,舊完洞象嵌靑磁窯址,대전광역시 중구,1997-11-07,유적건조물/산업생산/요업/도자기가마,2基
133,대전광역시 기념물제36호,정생동백자가마터,政生洞白磁가마터,대전광역시 중구,1997-11-07,유적건조물/산업생산/요업/도자기가마,1기
134,대전광역시 기념물제37호,구성동유적,구성동유적,대전광역시 유성구,1998-07-21,유적건조물/유물산포지유적산포지/유적분포지/유적분포지,965㎡
135,대전광역시 기념물제38호,노은동유적,노은동유적,대전광역시 유성구,1999-05-26,유적건조물/유물산포지유적산포지/유적분포지/유적분포지,"83,523㎡"
136,대전광역시 기념물제39호,궁동유적,弓洞遺蹟,대전광역시 유성구,2000-02-18,유적건조물/유물산포지유적산포지/유적분포지/유적분포지,일곽
137,대전광역시 기념물제40호,장안동백자가마터,壯安洞白磁窯址,대전광역시 서구,2001-06-27,유적건조물/산업생산/요업/도자기가마,1기
138,대전광역시 기념물제41호,미륵원지,彌勒院址,대전광역시 동구,2005-09-06,유적건조물/주거생활/주거지/주거지,978㎡
139,대전광역시 기념물제42호,용호동유적,龍湖洞遺蹟,대전광역시 대덕구,2006-10-06,유적건조물/유물산포지유적산포지/육상유물산포지/선사유물,"1,342.00"
140,대전광역시 기념물제43호,권이진의 묘역,權以鎭의 墓域,대전광역시 중구,2012-04-27,유적건조물/무덤/무덤/기타,1기
141,대전광역시 기념물제44호,송요년의 묘역,宋遙年의 墓域,대전광역시 동구,2012-04-27,유적건조물/무덤/무덤/기타,1기
142,대전광역시 기념물제45호,송응서의 묘역,宋應瑞의 墓域,대전광역시 동구,2012-04-27,유적건조물/무덤/무덤/기타,1기
143,대전광역시 기념물제46호,송남수의 묘역,宋壽의 墓域,대전광역시 동구,2012-04-27,유적건조물/무덤/무덤/기타,1기
144,대전광역시 기념물제47호,송기수의 묘역,宋麒壽의 墓域,대전광역시 동구,2012-09-29,유적건조물/무덤/무덤/봉토묘,1기
145,대전광역시 기념물제48호,봉산동 느티나무,,대전광역시 유성구,2017-03-13,자연유산/천연기념물/문화역사기념물/민속,1주
146,대전광역시 민속문화재제1호,법동석장승,法洞石長牲,대전광역시 대덕구,1989-03-18,유물/기타종교조각/민간신앙조각/석조,2기
147,대전광역시 민속문화재제3호,무수동산신제 동계첩,無愁洞山神祭洞契帖,대전광역시 유성구,2011-10-28,유물/기타종교공예/유교공예/의례용구,1점
148,대전광역시 문화재자료제1호,삼매당,三梅堂,대전광역시 동구,1989-03-18,유적건조물/주거생활/조경건축/누정,1동
149,대전광역시 문화재자료제2호,창계숭절사,滄溪崇節祠,대전광역시 중구,1989-03-18,유적건조물/인물사건/인물기념/사우,1동
150,대전광역시 문화재자료제3호,도산서원,道山書院,대전광역시 서구,1989-03-18,유적건조물/교육문화/교육기관/서원,1동
151,대전광역시 문화재자료제4호,문충사,文忠祠,대전광역시 동구,1989-03-18,유적건조물/인물사건/인물기념/사우,1동
152,대전광역시 문화재자료제5호,회덕향교대성전,懷德鄕校大成殿,대전광역시 대덕구,1989-03-18,유적건조물/교육문화/교육기관/향교,1동
153,대전광역시 문화재자료제6호,진잠향교대성전,鎭岑鄕校大成殿,대전광역시 유성구,1989-03-18,유적건조물/교육문화/교육기관/향교,1동
154,대전광역시 문화재자료제7호,김반·김익겸의묘,金槃·김익겸의墓,대전광역시 유성구,1989-03-18,유적건조물/무덤/무덤/기타,1기
155,대전광역시 문화재자료제8호,박팽년선생유허비,朴彭年先生遺墟碑,대전광역시 동구,1989-03-18,기록유산/서각류/금석각류/비,1기
156,대전광역시 문화재자료제9호,취백정,翠白亭,대전광역시 대덕구,1989-03-18,유적건조물/교육문화/교육기관/서원,1동
157,대전광역시 문화재자료제10호,보문사지석조,普文寺址石槽,대전광역시 중구,1989-03-18,유적건조물/종교신앙/불교/기타,1기
158,대전광역시 문화재자료제11호,중암사부도,中庵寺浮屠,대전광역시 중구,1989-03-18,유적건조물/종교신앙/불교/탑,7기
159,대전광역시 문화재자료제13호,수운교석종,水雲敎石鐘,대전광역시 유성구,1989-03-18,유물/불교공예/의식법구/의식법구,1구
160,대전광역시 문화재자료제15호,송준길의묘,宋浚吉의墓,대전광역시 서구,1989-03-18,유적건조물/무덤/무덤/기타,1기
161,대전광역시 문화재자료제16호,김여온의묘,金汝溫의墓,대전광역시 서구,1989-03-18,유적건조물/무덤/무덤/기타,1기
162,대전광역시 문화재자료제17호,유회당 권이진가 유물 일괄,有懷堂 權以鎭家 遺物 一括,대전광역시 중구,1989-03-18,유물,일괄
163,대전광역시 문화재자료제18호,동국사략,東國史略,대전광역시 유성구,1989-03-18,기록유산/전적류/필사본/고본,2책
164,대전광역시 문화재자료제19호,삼강행실도,三綱行實圖,대전광역시 유성구,1989-03-18,기록유산/전적류/목판본/왕실본,1책
165,대전광역시 문화재자료제20호,청구풍아,靑丘風雅,대전광역시 유성구,1989-03-18,기록유산/전적류/목판본/사간본,2책
166,대전광역시 문화재자료제21호,양성당제영,養性堂題泳,대전광역시 유성구,1989-03-18,유물/일반회화/인물화/초상화,1책
167,대전광역시 문화재자료제22호,문정공왕고간독,文正公王考簡牘,대전광역시 유성구,1989-03-18,기록유산/서간류/간독류/간독,1책
168,대전광역시 문화재자료제23호,화산세가필적,花山世家筆蹟,대전광역시 유성구,1989-03-18,기록유산/서간류/간독류,4책
169,대전광역시 문화재자료제24호,박인년교지,朴引年敎旨,대전광역시 유성구,1989-03-18,기록유산/문서류/국왕문서/교령류,1장
170,대전광역시 문화재자료제25호,김정선생묘소일원,金淨先生墓所一圓,대전광역시 동구,1991-07-10,유적건조물/무덤/무덤/기타,1기3동
171,대전광역시 문화재자료제26호,태실(석함),胎室(石函),대전광역시 유성구,1991-10-24,유적건조물/인물사건/인물기념/탄생지,1기
172,대전광역시 문화재자료제27호,어사홍원모영세불망비,御史洪遠謨永世不忘碑,대전광역시 대덕구,1991-10-24,기록유산/서각류/금석각류/비,1기1동
173,대전광역시 문화재자료제28호,류혁연의묘,柳赫然의墓,대전광역시 서구,1991-10-24,유적건조물/무덤/무덤/기타,1기
174,대전광역시 문화재자료제29호,기성관,杞城館,대전광역시 유성구,1992-07-22,유적건조물/정치국방/궁궐·관아/관아,1동
175,대전광역시 문화재자료제30호,수정재,水晶齋,대전광역시 서구,1992-07-22,유적건조물/주거생활/주거건축/가옥,1동
176,대전광역시 문화재자료제31호,월송재,月松齋,대전광역시 동구,1992-07-22,유적건조물/주거생활/주거건축/가옥,2동
177,대전광역시 문화재자료제32호,칠성당지석묘군,七星堂支石墓群,대전광역시 유성구,1992-07-22,유적건조물/무덤/무덤/지석묘,7기
178,대전광역시 문화재자료제33호,은진송씨승지공파재실,恩津宋氏承旨公派齋室,대전광역시 동구,1992-10-28,유적건조물/주거생활/주거건축/가옥,1동
179,대전광역시 문화재자료제34호,파평윤씨서윤공파고택,坡平尹氏庶尹公派古宅,대전광역시 서구,1992-10-28,유적건조물/주거생활/주거건축/가옥,1동
180,대전광역시 문화재자료제35호,봉소루,鳳巢樓,대전광역시 중구,1992-10-28,유적건조물/주거생활/주거건축/가옥,2동
181,대전광역시 문화재자료제36호,이시직공정려각,李時稷公旌閭閣,대전광역시 대덕구,1994-06-07,유적건조물/인물사건/인물기념/사우,1동
182,대전광역시 문화재자료제37호,관동묘려,寬洞墓廬,대전광역시 동구,1994-06-07,유적건조물/주거생활/주거건축/가옥,2동
183,대전광역시 문화재자료제38호,국사봉유적,國師峰遺蹟,대전광역시 중구,1995-05-27,유적건조물/유물산포지유적산포지/유적분포지/유적분포지,둘레25m
184,대전광역시 문화재자료제39호,송자고택,宋子古宅,대전광역시 동구,1995-05-27,유적건조물/주거생활/주거건축/가옥,1동
185,대전광역시 문화재자료제40호,갑진북정록,甲辰北征錄,대전광역시 유성구,1997-01-09,기록유산/전적류/필사본/고본,1책
186,대전광역시 문화재자료제42호,박원상의묘,朴元象의墓,대전광역시 동구,2000-02-18,유적건조물/무덤/무덤/기타,1기
187,대전광역시 문화재자료제43호,송씨양세정려,宋氏兩世旌閭,대전광역시 중구,2000-02-18,유적건조물/인물사건/인물기념/사우,2
188,대전광역시 문화재자료제44호,오정동선교사촌,梧井洞宣敎師村,대전광역시 대덕구,2001-06-27,유적건조물/종교신앙/개신교/부속건물,3동
189,대전광역시 문화재자료제45호,거룩한말씀의수녀회성당,거룩한말씀의修女會聖堂,대전광역시 중구,2001-06-27,유적건조물/종교신앙/천주교/성당,1동
190,대전광역시 문화재자료제46호,대전여중강당,大田女中講堂,대전광역시 중구,2001-06-27,유적건조물/교육문화/근대교육문화/학교시설,1동
191,대전광역시 문화재자료제47호,구대전형무소망루,舊大田刑務所望樓,대전광역시 중구,2001-06-27,유적건조물/정치국방/근대정치국방/국방,1동
192,대전광역시 문화재자료제48호,서포김만중영정,西浦金萬重影幀,대전광역시 유성구,2001-10-26,유물/일반회화/인물화/초상화,1폭
193,대전광역시 문화재자료제49호,충청남도지사공관,忠淸南道知事公館,대전광역시 중구,2002-08-23,유적건조물/정치국방/근대정치국방/기타,1동
194,대전광역시 문화재자료제50호,삼성초등학교구교사,三省初等學校舊校舍,대전광역시 동구,2002-08-23,유적건조물/교육문화/근대교육문화/학교시설,1동
195,대전광역시 문화재자료제51호,권시의 묘,權시의 墓,대전광역시 서구,2008-08-22,유적건조물/무덤/무덤/기타,1기
196,대전광역시 문화재자료제52호,"연산서씨,김익겸정려","連山徐氏,金益兼旌閭",대전광역시 유성구,2008-08-22,유적건조물/인물사건/인물기념/사우,"정려3기, 정려각 2동"
197,대전광역시 문화재자료제54호,백운루,白雲樓,대전광역시 유성구,2009-11-20,유적건조물/주거생활/조경건축/누정,1동
198,대전광역시 문화재자료제55호,대전 도솔산 보루,大田 兜率山 堡壘,대전광역시 서구,2012-03-16,유적건조물/정치국방/성/성곽,둘레 44m
199,대전광역시 문화재자료제56호,대전 마봉재 보루,大田 馬峯재 堡壘,대전광역시 서구,2012-03-16,유적건조물/정치국방/성/성곽,둘레 63m
200,대전광역시 문화재자료제57호,고금운회거요,古今韻會擧要,대전광역시 유성구,2012-06-22,기록유산,1점
201,대전광역시 문화재자료제58호,근사록,近思錄,대전광역시 유성구,2012-06-22,기록유산,2점
202,대전광역시 문화재자료제59호,석조석가모니불좌상 및 복장품 일괄,,대전광역시 유성구,2013-02-18,유물/불교조각/석조/불상,
203,대전광역시 문화재자료제60호,각전상량문,,대전광역시 유성구,2016-05-30,기록유산/전적류,1
204,대전광역시 문화재자료제61호,인천이씨족보,,대전광역시 중구,2016-05-30,기록유산/전적류/전적류/전적류,1책
205,대전광역시 문화재자료제62호,함양여씨세보,,대전광역시 중구,2016-05-30,기록유산/전적류/전적류/전적류,1
206,대전광역시 문화재자료제64호,석실갈초,石室碣草,대전광역시 대덕구,2018-05-14,기록유산/전적류/필사본/기타류,1책
207,국가등록문화재제18호,대전 충청남도청 구 본관,大田 忠淸南道廳 舊 本館,대전광역시 중구,2002-05-31,등록문화재/기타/업무시설,"1동(3층 제외) 연면적 4,798.53㎡"
208,국가등록문화재제19호,구 산업은행 대전지점,舊 産業銀行 大田支店,대전광역시 동구,2002-05-31,등록문화재/기타/업무시설,"1동 연면적 1,291.76㎡"
209,국가등록문화재제20호,구 조흥은행 대전지점,舊 朝興銀行 大田支店,대전광역시 동구,2002-05-31,등록문화재/기타/업무시설,"1동 연면적 1,171.04㎡"
210,국가등록문화재제98호,구 동양척식회사 대전지점,舊 東洋拓殖會社 大田支店,대전광역시 동구,2004-09-04,등록문화재/기타/업무시설,"1동, 2층 연면적 829.45㎡"
211,국가등록문화재제99호,한국전력공사 대전보급소,韓國電力公社 大田補給所,대전광역시 동구,2004-09-04,등록문화재/기타/산업시설,"1동, 2층 건축면적 792.83㎡, 연면적 1,546.01㎡"
212,국가등록문화재제100호,대전 국립농산물품질관리원 구 충청지원,大田 國立農産物品質管理院 舊 忠淸支院,대전광역시 중구,2004-09-04,등록문화재/기타/업무시설,"1동, 2층 현황측량면적 239.7㎡"
213,국가등록문화재제101호,대전 충청남도청 구 관사 1·2·5·6호와 부속창고,大田 忠淸南道廳 舊 官舍 一·二·五·六號와 附屬倉庫,대전광역시 중구,2004-09-04,등록문화재/기타/주거숙박시설,"7동 1층, 현황측량면적 807.7㎡"
214,국가등록문화재제168호,구 철도청 대전지역사무소 보급창고 3호,舊 鐵道廳 大田地域事務所 補給倉庫 三號,대전광역시 동구,2005-04-15,등록문화재/기타/업무시설,"1동, 1층, 건축면적 397.09㎡"
215,국가등록문화재제331호,대전 수운교 봉령각,大田 水雲敎 鳳靈閣,대전광역시 유성구,2007-07-03,등록문화재/기타/종교시설,1동 1층 건축면적/연면적 79.34㎡
216,국가등록문화재제332호,대전 수운교 용호당,大田 水雲敎 龍虎堂,대전광역시 유성구,2007-07-03,등록문화재/기타/종교시설,"2동 1층 용호당 56.2㎡, 장실 119㎡, 우물1기(보호각 포함), 디딜방아 1기"
217,국가등록문화재제333호,대전 수운교 본부법회당,大田 水雲敎 本部法會堂,대전광역시 유성구,2007-07-03,등록문화재/기타/종교시설,"1동 1층, 건축면적/연면적 238.02㎡"
218,국가등록문화재제334호,대전 수운교 본부사무실,大田 水雲敎 本部事務室,대전광역시 유성구,2007-07-03,등록문화재/기타/종교시설,"1동 1층, 건축면적/연면적 99.17㎡"
219,국가등록문화재제335호,대전 수운교 종각과 범종,大田 水雲敎 鐘閣과 梵鐘,대전광역시 유성구,2007-07-03,등록문화재/기타/종교시설,"1동 1층, 현황측량면적 84㎡, 범종1기"
220,국가등록문화재제377호,대전 대흥동 일·양 절충식 가옥,大田 大興洞 日·洋 折衷式 家屋,대전광역시 중구,2008-07-03,등록문화재/기타/주거숙박시설,"1동 2층 건축면적 102.3㎡, 연면적 419㎡"
221,국가등록문화재제415호,미카형 증기기관차 129호,미카型 蒸氣機關車 129號,대전광역시 유성구,2008-10-17,등록문화재/기타/동산,"1대 / L16,000mm W3,054mm H4,570mm 최고속도 90km/h, 973HP"
222,국가등록문화재제534호,가족도,家族圖,대전광역시 중구,2013-02-21,등록문화재/기타/동산(미술품),1점
223,국가등록문화재제551호,압사기,壓寫機,대전광역시 유성구,2013-08-27,등록문화재/기타/동산,1점
224,국가등록문화재제603호,조선지질도,朝鮮地質圖,대전광역시 유성구,2014-09-02,등록문화재/기타/동산,19집/32x47(㎝)부터 65x47(㎝)까지
225,국가등록문화재제604호,대한지질도,大韓地質圖,대전광역시 유성구,2014-09-02,등록문화재/기타/동산,1부/82x115(㎝)
226,국가등록문화재제643호,대전 대흥동성당,大田 大興洞聖堂,대전광역시 중구,2014-10-30,등록문화재/기타/종교시설,"1기/1,165.9㎡"
227,국가등록문화재제736호,대전 충남대학교 구 문리과대학,,대전광역시 중구,2018-11-06,등록문화재/기타/교육시설,1동(측량면적 838㎡)
228,국가등록문화재제783호,"대전 육교(상, 하행선)",,대전광역시 대덕구,2020-06-24,유적건조물/교통통신/교통/교량,"2개소(연장 201m, 교폭 21.4m, 높이 35m, 면적 2,420㎡, 2,392㎡)"
